id,first_name,last_name,email,gender,ip_address
1,Fredek,Labet,flabet0@virginia.edu,Polygender,213.220.209.99
2,Mozes,Chasmoor,mchasmoor1@imageshack.us,Agender,107.251.71.144
3,Wakefield,Stanbrooke,wstanbrooke2@hud.gov,Non-binary,252.109.121.95
4,Phaedra,Bonham,pbonham3@ucsd.edu,Polygender,49.79.102.79
5,Lorant,Witterick,lwitterick4@businessweek.com,Male,193.103.176.189
6,Almeda,Hulstrom,ahulstrom5@cnn.com,Genderfluid,45.31.146.69
7,Charis,Orteaux,corteaux6@symantec.com,Non-binary,100.184.247.167
8,Felicle,Filkin,ffilkin7@fda.gov,Polygender,143.28.54.90
9,Madelyn,Hamber,mhamber8@phpbb.com,Genderqueer,100.118.247.163
10,Dorri,Catmull,dcatmull9@smugmug.com,Female,239.113.170.40
